Case #,Year,Date, Country , State , Description , Deaths , Tesla driver , Tesla occupant , Other vehicle , Cyclists/ Peds , TSLA+cycl / peds , Model , AutoPilot claimed , Verified Tesla Autopilot Death , Source , Note , Deceased 1 , Deceased 2 , Deceased 3 , Deceased 4 
254,2022,8/16/2022, Germany ,," Tesla car crashes into tree, burns ",2,,, - , - ,2,, - , - , https://www.tag24.de/nachrichten/unfall/tesla-kracht-gegen-baum-und-brennt-aus-zwei-tote-und-drei-schwerverletzte-2584180 ,,,,,
253,2022,8/15/2022, USA ,CA, Tesla veers into oncoming traffic ,4,1,3, - , - ,4,, - , - , https://www.ksbw.com/article/hollister-crash-kills-4-tesla-big-rig/40898893?utm_campaign=snd-autopilot ,,,,,
252,2022,8/14/2022, Finland ,, Unlicensed driver hits pedestrian ,1, - , - , - ,1,1,, - , - , https://yle.fi/uutiset/3-12576787 ,,,,,
251,2022,8/2/2022, USA ,FL, Man in wheelchair hit crossing road ,1, - , - , - ,1,1,3, - , - , https://www.wfla.com/news/man-in-wheelchair-fatally-struck-by-suv-tesla-in-pasco-county/ ,,,,,
250,2022,7/27/2022, USA ,ME, Tesla crashes at high speed ,1,1, - , - , - ,1, - , - , - , https://www.boothbayregister.com/article/southport-accident-victim-named/163623 ,, James T. Penner ,,,
249,2022,7/24/2022, USA ,UT, Tesla hits motorcycle ,1, - , - ,1, - , - , - ,1, - , https://www.ksl.com/article/50445474/motorcyclist-dies-in-i-15-collision-with-tesla-on-autopilot-uhp-says ,,,,,
248,2022,7/16/2022, USA ,PA, Tesla goes airborne and crashes ,1,1, - , - , - ,1, - , - , - , https://www.wpxi.com/news/local/least-1-person-killed-fatal-crash-pine-township/ARDDKESNLZAX7EABJBPELT4KZY/?outputType=amp ,, Douglas David Rockacy ,,,
247,2022,7/12/2022, China ,, Out of control Tesla hits pedestrians ,2, - , - , - ,2,2, Y , - , - , https://whatchinareads.com/article/?uid=00e9b6f6ff4d11ec98bbc7030b3aab5e ,,,,,
246,2022,7/8/2022, USA ,CA, 3-car accident involving Tesla ,1, - , - ,1, - , - , - , - , - , https://fox5sandiego.com/traffic/82-year-old-killed-in-rollover-crash-identified/ ,,,,,
245,2022,7/8/2022, USA ,HA, Motorcycle crashes into Tesla ,1, - , - ,1, - , - , - , - , - , https://www.staradvertiser.com/2022/07/09/breaking-news/kihei-man-46-dead-after-motorcycle-collision-in-wailuku/ ,, Jeremy Caballero ,,,
244,2022,7/7/2022, USA ,CA, Motorcycle hit by Tesla ,1, - , - ,1, - , - , - ,1, - , https://www.msn.com/en-us/autos/news/91-freeway-closed-for-crash-that-killed-motorcycle-rider-in-riverside/ar-AAZk1Fs?cvid=11ebd5855f384f6688f82574f84937e4#image=1 ,,,,,
243,2022,7/6/2022, USA ,FL, Tesla hits parked tractor-trailer ,2,1,1, - , - ,2, - , - , - , https://mycbs4.com/news/local/two-people-killed-in-i-75-accident-after-car-collides-into-semi-truck ,,,,,
242,2022,7/5/2022, USA ,GA," Tesla strikes pole, burns ",1,1, - , - , - ,1, - , - , - , https://www.sacramentoinjuryattorneysblog.com/fatal-motorcycle-crash-near-farmington/ ,,,,,
241,2022,6/26/2022, USA ,CA, Tesla drives into opposite lane ,1, - , - ,1, - , - , - , - , - , https://www.11alive.com/article/news/local/atlanta-crash-ralph-d-abernathy/85-c224cf65-b2ef-47b7-8bad-facb0fa5a329 ,, Mike Vargas Sr. ,,,
240,2022,6/20/2022, USA ,AL, Tesla crashes into car ,1, - , - ,1, - , - , - , - , - , https://www.wkrg.com/mobile-county/mobile-man-killed-in-crash-off-dawes-road/ ,, Kaleb D. Dawson ,,,
239,2022,6/20/2022, USA ,PA, Tesla hit and run ,1, - , - , - ,1,1, - , - , - , https://www.nbcphiladelphia.com/news/local/woman-struck-and-killed-by-hit-and-run-vehicle-in-germantown/3276232/ ,,,,,
238,2022,6/20/2022, Canada ,, Tesla runs into overpass ,1,1, - , - , - ,1, - , - , - , https://montreal.ctvnews.ca/highway-40-partially-closed-after-fiery-collision-between-car-overpass-1.5954326 ,,,,,
237,2022,6/17/2022, USA , CA , Head-on collision ,2,1,1, - , - ,2, - , - , - , https://www.kget.com/news/crime-watch/ex-tehachapi-city-council-candidate-killed-in-crash/ ,, James Clinton Davies , Alex Francisco Cuesta ,,
236,2022,6/14/2022, USA , CA , Tesla moves into opposite lane and head-on crashes ,1, - , - ,1, - , - , - , - , - , https://www.turnto23.com/news/local-news/one-person-was-killed-in-a-collision-on-highway-178 ,, Peggy K. Agaplou ,,,
235,2022,6/13/2022, USA , CA , Two-car collision ,1,1, - , - , - ,1, - , - , - , https://www.latimes.com/socal/daily-pilot/news/story/2022-06-13/newport-coast-woman-dead-after-traffic-collision ,,,,,
234,2022,6/7/2022, USA , CA , DUI crash ,1, - , - , - ,1,1, - , - , - , https://www.sandiegouniontribune.com/news/public-safety/story/2022-06-07/pedestrian-suffers-life-threatening-injuries-in-kearny-mesa-crash-driver-arrested-accused-of-dui ,,,,,
233,2022,6/3/2022, USA , NV , Motorcycle crashes into Tesla ,1, - , - ,1, - , - , - , - , - , https://www.reviewjournal.com/local/summerlin/motorcyclist-killed-in-summerlin-crash-2586936/ ,,,,,
232,2022,5/28/2022, USA , NY , Tesla DUI crash ,1, - , - ,1, - , - , - , - , - , https://www.timesunion.com/news/article/Incident-shuts-down-Northway-in-Colonie-overnight-17206453.php ,, Katryn R. Fisher ,,,
231,2022,5/28/2022, USA , OR , Tesla loses control and crashes into car ,2,1, - ,1, - ,1, Y , - , - , https://www.koin.com/news/crashes/seaside-teacher-26-dies-after-tesla-crash-on-hwy-26/ ,, Fredrick Scheffler II , Kyle Rieger ,,
230,2022,5/28/2022, USA , CA , Speeding tesla crashes into tree ,1,1, - , - , - ,1, - , - , - , https://www.nytimes.com/2022/05/27/us/politics/california-senate-candidate-odowd-musk.html ,,,,,
229,2022,5/25/2022, USA , OR , Tesla crashes into pole ,1, - ,1, - , - ,1, S , - , - , https://katu.com/news/local/passenger-dies-when-milwaukie-oregon-man-crashes-tesla-model-s-into-power-pole-north-of-diamond-lake-highway-138e-douglas-county ,, Koelby Edlund ,,,
228,2022,5/23/2022, USA , AZ , Tesla driver hit in multicar accident ,1,1, - , - , - ,1, - , - , - , https://ktar.com/story/5071099/crash-closes-interstate-17-in-north-phoenix-for-hours/ ,,,,,
227,2022,5/21/2022, China ,, Tesla hits pedestrian ,1, - , - , - ,1,1, - , - , - , https://transitjam.com/2022/05/21/tesla-driver-arrested-after-woman-killed-at-fanling-pedestrian-crossing/ ,, Ms. Au ,,,
226,2022,5/19/2022, USA , NJ ," Tesla hits trees, ignites ",1,1, - , - , - ,1, - , - , - , https://www.nj.com/cumberland/2022/05/south-jersey-driver-killed-after-tesla-hits-trees-catches-fire.html ,, Daniel Sincavage ,,,
225,2022,5/19/2022, USA , NJ , Multiple car crash on highway ,1,1, - , - , - ,1, - , - , - , https://www.rlsmedia.com/article/update-shorts-hills-resident-killed-after-his-tesla-rear-ended-tractor-trailer-route-24 ,, David M. Baum ,,,
224,2022,5/18/2022, USA , CA , Tesla hits pedestrian ,1, - , - , - ,1,1,3, - , - , https://www.facebook.com/CHPCAPISTRANO/posts/373120718175800 ,,,,,
223,2022,5/16/2022, USA , CO , Fiery crash ,1,1,,,,1,3,1, - , https://api.nhtsa.gov/complaints/odinumber?odinumber=11466262 and https://mymountaintown.com/forum/46-scanner-emergency-info-weather-forecasts/340695-accident-and-car-fire-on-upper-bear-creek-rd-evergreen#392626 ,,,,,
222,2022,5/12/2022, Australia ,, Tesla hit pedestrian who dies 5 days later from injuries ,1, - , - , - ,1,1, X , - , - , https://thewest.com.au/news/fatal-crash-involving-tesla-in-perths-east-c-6861739 ,,,,,
221,2022,5/11/2022, USA , CA , Tesla smashes into construction equipment ,3,1,2, - , - ,3, S ,1, - , https://www.pressdemocrat.com/article/news/3-dead-as-tesla-model-s-smashes-into-construction-equipment-in-southern-cal/ ,, Wayne Walter Swanson Jr. , Crystal McCallum , Andrew James Chaves ,
220,2022,5/7/2022, USA , UT , Tesla DUI involving another vehicle ,2, - , - ,2, - , - , - , - , - , https://www.abc4.com/news/local-news/driver-that-crashed-on-n-temple-at-89-mph-with-20-bac-killing-two-people-arrested/ ,, Joseph Lucero , Sarina Astorga ,,
219,2022,5/1/2022, USA , PA , Tesla DUI hits pedestrian ,1, - , - , - ,1,1, - , - , - , https://twitter.com/KeeleyFox29/status/1520804528148434944 ,,,,,
218,2022,4/29/2022, USA , NC ," Highway accident, Tesla goes airborne  ",1,1, - , - , - , - , - , - , - , https://www.cbs17.com/news/local-news/durham-county-news/apex-driver-dies-after-tesla-goes-airborne-and-flips-onto-i-40-in-durham-police-say/ ,,,,,
217,2022,4/10/2022, UK ,, Two car accident ,1, - , - ,1, - , - , - , - , - , https://www.hertsad.co.uk/news/traffic/tesla-crash-a414-longabout-colney-heath-8889184 ,,,,,
216,2022,4/8/2022, Netherlands ,, Head-on collision with truck and Tesla ,1, - , - , - , - ,1, - , - , - , https://www.ad.nl/auto/automobilist-komt-om-het-leven-bij-frontale-botsing-met-vrachtwagen~a7c5916e/ ,,,,,
215,2022,3/26/2022, USA , CA ," DUI crash on highway, Tesla catches fire ",1, - , - , - , - ,1, - , - ,1, https://www.eastbaytimes.com/2022/03/27/ashland-fatal-i-580-hit-and-run-crash-claims-tesla-passenger/ ,,,,,
214,2022,3/21/2022, USA , CA , Three car collision involving Tesla ,2, - , - ,2, - , - , - , - , - , https://kion546.com/news/2022/03/21/two-people-from-salinas-dead-after-crash-in-san-benito-county/ ,,,,,
213,2022,3/20/2022, USA , CA , Car crosses double yellow and crashes with a Tesla ,2,1, - ,1, - ,1,3, - , - , https://sfist.com/2022/03/23/driver-killed-in-wrong-way-crash-near-carquinez-bridge-identified-as-missing-29-year-old-sf-woman/ ,, Ruiju Ma , Madyson James ,,
212,2022,3/14/2022, USA , CA , Tesla collides into rail on highway ,2,1,1, - , - ,1, - , - , - , https://www.dailybulletin.com/2022/03/14/2-rialto-residents-killed-in-wrong-way-crash-of-tesla-on-15-freeway-in-ontario/ ,, Jose Elizarraraz Bravo , Luis Elizarraraz Bravo ,,
211,2022,3/14/2022, USA , FL , Tesla crash that ends in fire ,1,1, - , - , - ,1, - , - , - , https://wsvn.com/news/local/driver-dead-after-tesla-catches-fire-in-miami-gardens/ ,,,,,
210,2022,3/13/2022, Switzerland ,, Frontal collision between Tesla and VW ,1, - , - ,1, - ,1, - , - , - , https://www.20min.ch/story/schwerer-unfall-auf-autobahnzubringer-frau-42-stirbt-vier-verletzte-438706344026 ,,,,,
209,2022,3/12/2022, USA , NY , Tesla ignites on parkway ,1,1, - , - , - ,1, S , - , - , https://patch.com/new-york/newcity/fatal-tesla-crash-palisades-parkway ,,,,,
208,2022,3/7/2022, China ,," Tesla on Autopilot hits maintenance car, then BMW hits responder ",1, - , - , - ,1,1, - ,1, - , https://autos.udn.com/autos/story/12168/6147762 ,, Yu Nan ,,,
207,2022,3/7/2022, USA , CA , Car found overturned in a ravine ,1,1, - , - , - ,1, - , - , - , https://www.ktvu.com/news/mystery-surrounds-death-of-usf-student-christopher-liang-found-dead-in-tesla ,, Christopher Liang ,,,
206,2022,3/5/2022, USA , CA , Tesla crashes head on with other car ,1, - , - ,1, - , - , - , - , - , https://kion546.com/news/2022/03/23/fast-food-restaurant-co-workers-remember-salinas-man-killed-in-fresno-crash/ ,,,,,
205,2022,2/28/2022, USA , ID , Car found in water-swollen ditch ,1,1, - , - , - ,1, - , - , - , https://www.wthr.com/article/news/local/police-investigate-columbus-indiana-man-found-dead-in-crashed-tesla/531-7a842ae1-11f2-46e1-96f7-01d4fe7cf66d ,,,,,
204,2022,2/27/2022, USA , MO , Tesla breaksdown in traffic and causes pile-up ,1,1, - , - , - ,1, - , - , - , https://www.autoevolution.com/news/mysterious-tesla-fatal-crash-in-missouri-gets-us-asking-what-caused-it-183775.html ,, Terry L. Siegel ,,,
203,2022,2/12/2022, USA , CA , Tesla crashes into a tree ,1,1, - , - , - ,1, - , - , - , https://abc7.com/woodland-hills-deadly-crash-woman-killed-car-slams-into-tree/11560146/ ,,,,,
202,2022,2/7/2022, USA , FL ," Tesla loses control, hits pole, ignites ",1,1, - , - , - ,1, - , - , - , https://www.wfla.com/news/traffic/deadly-crash-closes-part-of-state-road-54-in-lutz/ ,,,,,
201,2022,1/16/2022, USA , CA , Three-car collision near intersection ,1, - , - ,1, - , - , - , - , - , https://kfoxtv.com/news/local/3-people-hospitalized-following-multi-vehicle-crash-in-northeast-el-paso ,,,,,
200,2022,1/1/2022, USA , CA , Motorcyclist crashes into Tesla ,1, - , - ,1, - , - , X , - , - , https://www.vvng.com/sb-i-15-shutdown-in-cajon-pass-due-to-crash-involving-a-motorcycle/ ,,,,,
199,2022,1/1/2022, USA , CA , Single-collision on onramp ,1,1, - , - , - ,1, - , - , - , https://www.kron4.com/news/bay-area/fatal-crash-on-sb-i-680-onramp-in-san-jose/ ,,,,,
198,2021,12/31/2021, USA , CA , Tesla crashes into trees ,2,1,1, - , - ,2, - , - , - , https://news24-680.com/2021/12/31/two-dead-one-injured-in-sunol-crash-friday/ ,,,,,
197,2021,12/28/2021, USA , CA , Multi-crash involving DUI ,1, - , - ,1, - , - , - , - , - , https://kesq.com/news/2021/12/28/chula-vista-man-identified-as-person-killed-in-suspected-dui-crash-in-downtown-palm-springs/ ,,,,,
196,2021,12/24/2021, China ,, Tesla loses control and drives into river ,1,1, - , - , - ,1, - , - , - , https://www.breakinglatest.news/news/police-report-jiangsu-liyang-tesla-crash-1-dead-and-1-rescued-news-cnbeta-com/ ,,,,,
195,2021,12/18/2021, USA , CA , Multi-car accident ,1, - , - ,1, - , - , Y , - , - , https://www.mercurynews.com/2021/12/18/san-jose-man-killed-after-being-thrown-off-motorcycle ,, Mitchell Moreno Jr. ,,,
194,2021,12/11/2021, France ,, Crash in public area including 20 injuries ,1, - , - , - ,1,1, - , - , - , https://www.bbc.com/news/world-europe-59647069 ,,,,,
193,2021,12/7/2021, USA , AZ , Vehicular collision ,1,1, - , - , - ,1, - , - , - , https://www.12news.com/article/news/local/valley/woman-dead-tesla-crashed-into-truck-paradise-valley/75-98fb1f7c-d66d-4a9e-bc30-3806818d261a ,,,,,
192,2021,12/7/2021, Germany ,," Tesla crashes into trees, flames erupt ",1,1, - , - , - ,1, - , - , - , https://www.bz-berlin.de/berlin/umland/auto-prallt-gegen-mehrere-baeume-fahrer-tot ,, Armin W. ,,,
191,2021,12/2/2021, China ,, Motorbiker killed by Tesla ,1, - , - ,1, - , - , - , - , - , https://www.scmp.com/news/hong-kong/law-and-crime/article/3158164/ceo-hong-kong-manufacturing-company-arrested-after-his ,,,,,
190,2021,12/1/2021, USA , CA ," Collision with pole, battery ignited ",1,1, - , - , - ,1,3, - , - , https://losangeles.cbslocal.com/2021/12/01/driver-killed-after-fiery-tesla-crash-in-redondo-beach-amid-heavy-fog/ ,,,,,
189,2021,11/29/2021, USA , CA , DUI crash with parked car ,1, - , - ,1, - , - , - , - , - , https://sanfrancisco.cbslocal.com/2021/11/29/union-city-fatal-dui-crash-i-880-whipple-road/ ,,,,,
188,2021,11/15/2021, USA , CA , Pedestrian hit at crosswalk ,1, - , - , - , - ,1, - , - , - , https://fox5sandiego.com/traffic/pedestrian-killed-in-crash-on-state-route-15/ ,,,,,
187,2021,11/8/2021, USA , AZ , Three car collision ,1, - , - ,1, - , - , - , - , - , https://www.12news.com/article/news/local/valley/one-dead-several-injured-multi-vehicle-crash-tempe-us-60-nov-8/75-e8a85333-8f8a-4786-aeb7-ebbf7b0cfa67 ,,,,,
186,2021,11/8/2021, USA , OH ," Tesla hits fixture, catches fire ",1,1, - , - , - ,1, - , - , - , https://www.fox19.com/2021/11/08/fatal-crash-clermont-county/ ,,,,,
185,2021,11/6/2021, USA , NV , DUI crash ,1, - ,1, - , - ,1, Y , - , - , https://www.8newsnow.com/news/local-news/person-killed-following-crash-near-arby-ave-babiana-st-las-vegas/ ,,,,,
184,2021,11/4/2021, USA , FL , Tesla hits bicyclist before crashing ,1, - , - , - ,1,1, - , - , - , https://www.wtsp.com/amp/article/news/local/hillsboroughcounty/deadly-bicycle-crash-tampa/67-a5d1fcc5-cdcb-408b-8976-47f99eb5d0e7 ,,,,,
183,2021,10/28/2021, USA , GA , Multi-collision event on highway ,1, - , - ,1, - , - , - , - , - , https://news.yahoo.com/state-patrol-man-killed-multi-004300038.html ,,,,,
182,2021,10/15/2021, USA , AZ , Toyota hits Tesla ,1, - , - ,1, - , - , - , - , - , https://gcmaz.com/kaff-news/kaff_news/a-flagstaff-man-was-killed-in-a-two-vehicle-accident-thursday-afternoon-in-east-flagstaff/ ,,,,,
181,2021,9/17/2021, USA , IA , Three-way car collision ,1, - , - ,1, - , - , - , - , - , https://www.kcrg.com/2021/09/15/three-vehicle-crash-johnson-county-kills-one-hurts-another/ ,,,,,
180,2021,9/13/2021, USA , FL , Tesla hits tree and ignites on fire ,2,1,1, - , - ,2, S , - , - , https://www.local10.com/news/local/2021/09/14/2-killed-after-tesla-crashes-into-tree-in-coral-gables/ ,,,,,
179,2021,9/4/2021, China ,, Tesla hit pedestrian crossing road ,1, - , - , - ,1,1, - , - , - , https://twitter.com/ton_aarts/status/1446439380185501712 ,,,,,
178,2021,9/4/2021, USA , FL ," Tesla runs stop sign, crashes into house ",2, - ,1, - ,1,2, S , - , - , https://www.wfla.com/news/pinellas-county/two-killed-after-tesla-model-s-crashes-into-palm-harbor-home/ ,,,,,
177,2021,8/29/2021, USA , NY ," Car hits utility pole, ignites ",2,1,1, - , - ,2,3, - , - , https://www.hudsonvalley360.com/news/columbiacounty/police-two-dead-in-claverack-accident/article_5509017b-42d6-5eca-99f9-2c3f60c23ee6.html , Contacted by close friend who disclosed the car was a Tesla. Awaiting further confirmation. , Kyle Germann  , Robert G. Bailly ,,
176,2021,8/26/2021, Netherlands ,, Tesla hits tree ,1,1, - , - , - ,1, - , - , - , https://www.msn.com/nl-nl/nieuws/Buitenland/dode-en-gewonde-bij-silvolde-door-botsing-tesla-tegen-boom/ar-AANMTqa?ocid=entnewsntp ,,,,,
175,2021,8/25/2021, USA , AZ , Tesla runs a red light and hits another car ,3, - , - ,3, - , - , - , - , - , https://www.abc15.com/news/region-west-valley/glendale/alleged-red-light-runner-kills-3-in-glendale-crash-still-no-arrest-nearly-2-months-later ,, Ariyanna Parsad , Jazmine Marquez , Kiyvon Martin ,
174,2021,8/17/2021, USA , PA , Tesla crashes into guardrail ,1,1, - , - , - ,1,3, - , - , https://www.ncnewsonline.com/news/local_news/ohio-man-dies-in-i-76-crash/article_393ca0ec-5789-5aaa-9c73-436e04314612.html ,,,,,
173,2021,7/26/2021, Netherlands ,," Four vehicle collision, Tesla catches fire ",1,,,, - ,, - , - , - , https://www.telegraaf.nl/nieuws/675387459/tesla-vliegt-in-brand-na-botsing-met-vrachtwagen-bij-bergambacht-een-dode-en-drie-gewonden ,,,,,
172,2021,7/26/2021, USA , NY , Pedestrian hit on shoulder ,1, - , - , - ,1,1, - ,1,1, https://newyork.cbslocal.com/2021/07/26/man-killed-fixing-tire-in-queens/ ,, Jean Louis ,,,
171,2021,7/23/2021, USA , GA , Tesla Driver loses control and hits median barrier ,1,1, - , - , - ,1,3, - , - , https://www.ajc.com/news/traffic-alert-crash-with-injuries-shuts-down-i-285-in-cobb-county/AUBTX3HUPVGMPFZ2KDTG5RFXCQ/ ,,,,,
170,2021,7/21/2021, USA , GA , Tesla driver hits man on shoulder of highway ,1, - , - , - ,1,1, - , - , - , https://www.yahoo.com/entertainment/woman-charged-felony-vehicular-homicide-221800206.html ,,,,,
169,2021,7/7/2021, USA , CA , Other driver dies in head-on collision ,1, - , - ,1, - , - , S , - , - , https://www.pe.com/2021/07/07/motorist-killed-in-2-car-collision-in-moreno-valley/ ,,,,,
168,2021,6/29/2021, USA , CA ," Car crashes into Tesla, fire breaks out ",2,1, - ,1, - ,1, - , - , - , https://www.latimes.com/california/story/2021-06-29/2-killed-in-wrong-way-crash-on-210-in-rialto ,,,,,
167,2021,6/19/2021, USA , MI ," Tesla hits power pole, runs off road, and ignites ",2,1,1, - , - ,2, - , - , - , https://www.uppermichiganssource.com/2021/06/19/2-dead-after-1-car-crash-marquette-county-road-550/ ,,,,,
166,2021,6/16/2021, USA , FL ," Tesla crashes, driver later dies in hospital ",1,1, - , - , - ,1, - , - , - , https://www.google.com/amp/s/amp.news-press.com/amp/7817548002  ,,,,,
165,2021,6/16/2021, Denmark ,," Driver loses control of car, crashes into tree ",1,1, - , - , - ,1, - , - , - , https://www.berlingske.dk/samfund/53-aarig-mand-omkommer-i-bilulykke-uden-for-brande ,,,,,
164,2021,6/11/2021, USA , WA , Tesla crashes through backyard fence ,1,1, - , - , - ,1, - , - , - , https://www.krem.com/article/news/local/driver-dead-after-crashing-tesla-through-backyard-fence-in-cheney/293-e7385a69-b534-4d32-b8ee-9109c62ceda0?utm_campaign=snd-autopilot ,,,,,
163,2021,6/11/2021, USA , NY , Driver crashes into senior living facility ,1, - ,1, - , - ,1, - , - , - , https://www.nydailynews.com/new-york/nyc-crime/ny-nyc-fatal-crash-tesla-senior-living-facility-20210611-eom4yrt7onfkjb6w5rxoovdvxu-story.html ,,,,,
162,2021,6/1/2021, USA , WA ," Tesla hits concrete barrier, later catches on fire ",1,1, - , - , - ,1, - , - , - , https://www.bellinghamherald.com/news/local/article251853803.html ,, Samuel James Morson ,,,
161,2021,5/26/2021, USA , VA , Tesla involved in multi-car highway accident ,4, - , - ,4, - , - , - , - , - , https://www.nbcnews.com/news/us-news/four-killed-three-injured-multivehicle-crash-virginia-n1268593 ,,,,,
160,2021,5/15/2021, China ,, Tesla hits police officers and kills one ,1, - , - , - ,1,1, - , - , - , https://www.globaltimes.cn/page/202105/1223741.shtml  ,,,,,
159,2021,5/7/2021, China ,, Tesla runs into back of truck ,1,1, - , - , - ,1, - , - , - , https://www.globaltimes.cn/page/202105/1222902.shtml ,,,,,
158,2021,5/5/2021, USA , CA , Multi-event collision with truck on highway ,1,1, - , - , - ,1, - ,1, - , https://apnews.com/article/california-business-technology-204e5600ec902d0bfda10feca74a9ed0 ,,,,,
157,2021,4/17/2021, USA , TX ," Tesla crashes into tree, bursts into fire ",2,,, - , - ,2, S ,2, - , https://www.foxbusiness.com/lifestyle/two-killed-in-driverless-tesla-crash ,, William Varner , Everette Talbot ,,
156,2021,4/17/2021, China ,, Tesla hits concrete barrier and spontaneously combusts ,1, - ,1, - , - ,1, - , - , - , https://finance.sina.cn/tech/2021-04-21/detail-ikmxzfmk8086812.d.html?fromtech=1&from=wap ,,,,,
155,2021,4/16/2021, France ,, Tesla crashes into tree with 5 occupants ,2,,, - , - ,2, - , - , - , https://www.leprogres.fr/faits-divers-justice/2021/04/17/une-tesla-s-ecrase-contre-un-arbre-deux-morts-et-trois-blesses-graves  ,,,,,
154,2021,4/14/2021, USA , TX , Head-on collision involving a Tesla ,1,1,,,,1, - , - , - , https://www.statesman.com/story/news/2021/04/22/austin-traffic-fatalities-police-identify-80-year-old-man-killed/7337707002/ ,,,,,
153,2021,4/13/2021, Germany ,," Tesla goes off road, hits a tree, and bursts into flames ",1,1, - , - , - ,1, S , - , - , https://www.focus.de/regional/mecklenburg-vorpommern/ursache-fuer-toedlichen-tesla-unfall-weiter-unklar_id_13215813.html ,,,,,
152,2021,4/3/2021, USA , PA ," Tesla loses control, hits railing and cut in half ",2,1,1, - , - ,2, - , - , - , https://www.citizensvoice.com/news/crime-emergencies/double-fatal-butler-twp-crash-investigation-continues/article_e699403c-19a5-5a3d-9e76-38737719bd7b.html ,, Crystal Stash , Henry H. Abrahams ,,
151,2021,4/1/2021, China ,," Driver hit traffic island, Tesla catches on fire ",1,1, - , - , - ,1,3, - , - , https://taiwanenglishnews.com/tesla-catches-fire-after-crash-driver-dies/ ,,,,,
150,2021,3/21/2021, UK ,," Pedestrian hit in collision, later dies in hospital weeks later ",1, - , - , - ,1,1, - , - , - , https://www.gloucestershirelive.co.uk/news/cheltenham-news/woman-dies-after-collision-involving-5328704 ,,,,,
149,2021,3/20/2021, Belgium ,," Driver runs over curb, loses control and hit pole ",1,1, - , - , - ,1, - , - , - , https://www.hln.be/roeselare/41-jarige-bestuurder-sterft-na-klap-met-tesla-tegen-elektriciteitspaal~acf62870/ ,,,,,
148,2021,3/13/2021, UK ,, Tesla crashes into stationary van ,1, - , - ,1, - , - ,3, - , - , https://www.bucksfreepress.co.uk/news/19159878.man-dies-driver-crashes-stationary-van-milton-keynes/ ,,,,,
147,2021,3/10/2021, USA , CA ," Tesla crashes into tree, occupants killed ",2,1,1, - , - ,1, - , - , - , https://www.ocregister.com/2021/03/10/driver-killed-in-fiery-irvine-crash-prompting-road-closure/ ,,,,,
146,2021,3/7/2021, USA , OH , 3 car collision near intersection ,1, - , - ,1, - , - , - , - , - , https://www.tribtoday.com/news/local-news/2021/03/man-killed-at-howland-intersection/ ,,,,,
145,2021,2/22/2021, USA , CA , High speed crash into telephone poll ,1,1, - , - , - ,1, - , - , - , https://www.youtube.com/watch?v=C3x3fElDi8U ,,,,,
144,2021,1/22/2021, USA , AZ ," Tesla crashes into tree, occupants killed ",2,1,1, - , - ,2, - , - , - , https://www.azcentral.com/story/news/local/phoenix-traffic/2021/01/22/2-dead-after-tesla-crashes-into-tree-phoenix-intersection-closed/6678414002/?utm_campaign=snd-autopilot&cid=twitter_azcentral ,,,,,
143,2021,1/21/2021, USA , CO ," Tesla hits car and car crashes, driver later dies ",1, - , - ,1, - , - , - , - , - , https://www.kktv.com/2021/01/20/man-dies-from-injuries-in-weekend-crash/ ,,,,,
142,2021,1/15/2021, USA , FL ," Head-on collision involving a Tesla, other driver dies ",1, - , - ,1, - , - , - , - , - , https://www.actionnewsjax.com/news/local/st-johns-county/fiery-fatal-crash-st-johns-county/RXTWMVQ37VAMPBQ575QXD3W2UA/ ,,,,,
141,2021,1/10/2021, USA , UT ," Car collides with Tesla, both drivers die ",2,1, - ,1, - , - , - , - , - , https://www.deseret.com/utah/2021/1/10/22224294/2-killed-when-car-traveling-wrong-way-hits-tesla-on-freeway-uhp-says ,,,,,
140,2020,12/18/2020, Portugal ,, Tesla driver crashes into pole and dies in resulting fire ,1,1,, - , - ,1, - , - , - , https://www.jn.pt/local/noticias/porto/felgueiras/homem-morre-carbonizado-em-tesla-que-se-incendiou-apos-despiste-em-felgueiras-13157645.html ,,,,,
139,2020,12/11/2020, USA , FL ," Pedestrians hit and run by Tesla, one died from injuries ",1, - , - , - ,1,1, - , - , - , https://nbc-2.com/news/local/2020/12/18/teen-killed-lehigh-acres-hit-and-run-arrest/ ,,,,,
138,2020,12/10/2020, South Korea ,, Car went out of control and crashed into a wall ,1, - ,1, - , - ,1, X ,1, - , https://news.lawtalk.co.kr/3072 ,, Yoon Hong-geun ,,,
137,2020,12/4/2020, USA , CA ," Car loses control, goes airborne, hits telephone pole ",1, - ,1, - , - ,1, - , - , - , https://www.fox13news.com/news/community-mourning-after-sarasota-high-baseball-star-killed-in-late-night-car-crash ,, Kevin Gallardo  ,,,
136,2020,11/16/2020, USA , MO , Five-vehicle pileup involving truck ,1, - , - ,1, - , - , Y , - , - , https://ksisradio.com/kc-woman-fatally-injured-in-multi-vehicle-crash-in-platte-county/ ,,,,,
135,2020,10/31/2020, USA , CA ," Car hit by a Tesla, driver later died from injuries ",1, - , - ,1, - , - , Y , - , - , https://www.10news.com/news/local-news/man-22-killed-in-crash-in-mission-valley-west ,,,,,
134,2020,10/10/2020, USA , CA , Motorcyclist died after rear-ending a Tesla ,1, - , - ,1, - , - , Y , - , - , https://mynewsla.com/life/2020/10/10/biker-killed-in-three-vehicle-crash-on-foothill-freeway-in-irwindale-3/ ,, Matthew Hathaway ,,,
133,2020,10/7/2020, Belgium ,," Driver going wrong direction hits Tesla, driver later dies ",1, - , - ,1, - , - ,3,, - , https://www.sudinfo.be/id263566/article/2020-10-11/la-tesla-dun-vervietois-explosee-par-un-conducteur-fantome-dans-lechangeur-de ,,,,,
132,2020,9/17/2020, USA , GA ," Tesla loses control and crashes into bus shelter, kills man inside ",1, - , - , - ,1,1,3,1, - , https://www.ajc.com/news/1-dead-after-tesla-driver-loses-control-hits-man-at-cobb-bus-shelter/TLV4M4XY5BHWVAO77GGSM5Y24M/ ,,,,,
131,2020,9/12/2020, USA , CA ," Car lands on Tesla, other vehicle driver dies ",1, - , - ,1, - , - , - , - , - , https://fox5sandiego.com/news/local-news/1-person-killed-in-oceanside-rollover-crash/ ,,,,,
130,2020,9/6/2020, USA , IL ," Tesla runs thru red light, crashes, driver dies at scene ",1,1, - , - , - ,1, - , - , - , https://www.dailyherald.com/news/20200906/driver-killed-in-crash-sunday-at-lisle-intersection ,,,,,
129,2020,9/5/2020, China ,," Tesla crashes into crowd, 2 dead and several injured ",2, - , - , - ,2,2, X , - , - , https://www.globaltimes.cn/content/1200006.shtml ,,,,,
128,2020,8/24/2020, USA , VA ," Two car collision at intersection, other driver dies afterwards ",1, - , - ,1, - , - , X , - , - , https://www.loudountimes.com/news/update-multi-vehicle-crash-leaves-ashburn-woman-dea... ,,,,,
127,2020,8/13/2020, Germany ,, Tesla crashes into tree ,1,1, - , - , - ,1, X ,1, - , https://www.mopo.de/hamburg/polizei/unfall-in-hamburg-tesla-prallt-gegen-baum---fahrerin-stirbt-in-klinik-37181790 ,,,,,
126,2020,8/12/2020, USA , CA , Tesla hits two cars along exit ramp & catches fire ,2,1,1, - , - ,1, - ,1, - , https://www.mercurynews.com/2020/08/13/saratoga-man-killed-in-fiery-freeway-crash-identified/ ,, David Alan Brown ,,,
125,2020,8/2/2020, USA , CA ," Tesla crashes into tree, ignites, kills driver and passenger ",2,1,1, - , - ,1, - , - , - , https://www.vcstar.com/story/news/local/communities/conejo-valley/2020/08/02/two-men-killed-fiery-crash-thousand-oaks/5568539002/ ,,,,,
124,2020,7/18/2020, USA , UT ," Tesla races other car, other car crashes ",1, - , - ,1, - , - , - , - , - , https://web.archive.org/web/20201004080801/sanpetemessenger.com/archives/18566 ,,,,,
123,2020,6/23/2020, USA , GA , Vehicle collides with Tesla at intersection ,1, - , - ,1, - , - , - , - , - , https://www.ajc.com/news/crime--law/woman-killed-vehicle-crash-south-fulton/NguJzzvD9eWtN403a2zAhP/ ,,,,,
122,2020,6/21/2020, Germany ,," Tesla veers into other lane, crashes into oncoming car ",3, - , - ,3, - , - ,3,1, - , https://www.freiepresse.de/drei-tote-bei-unfall-auf-autobahnzubringer-bei-aue-artikel10894951 ,, Claudia Günther , Frau Sarah , Claudias Mutter Sylvia ,
121,2020,6/17/2020, Canada ,, Motorcyclist killed in crash with Tesla ,1, - , - ,1, - , - , - ,, - , https://www.northdeltareporter.com/news/crash-kills-motorcyclist-in... ,,,,,
120,2020,6/8/2020, Netherlands ,, Driver has heart attack and crashes Tesla ,1,1, - , - , - ,1,3, - , - , https://www.112hm.nl/2020/06/08/automobilist-50-overleden-op-de-a4-bij-roelofarendsveen/rr46pt/ ,,,,,
119,2020,5/25/2020, USA , CA , Tesla goes off cliff and later found ,1,1, - , - , - ,1, - , - , - , https://www.sfgate.com/news/bayarea/article/Tesla-Goes-Off-Cliff-Driver-Found-Dead-15296778.php ,,,,,
118,2020,5/14/2020, USA , CA , Two-car collision ,1, - , - ,1, - , - ,3, - ,1, https://www.newsopi.com/breaking-news/fatal-two-car-crash-205-freeway-near-11th-street-tracy/15223 ,, Gary Marchi ,,,
117,2020,5/5/2020, USA , CA , Drunk driver strikes Tesla ,1, - , - ,1, - , - , - , - , - , https://www.sfgate.com/news/bayarea/article/Sunday-Fatal-Dui-Crash-Victim-Was-70-Year-Old-San-15249727.php ,,,,,
116,2020,5/4/2020, Norway ,, Tesla strikes and kills a man standing next to his truck ,1, - , - ,1, - , - , S ,1,1, https://motor.no/autopilot-nyheter-tesla/tesla-pa-auto-styring-da-mann-ble-meid-ned/188623 ,,,,,
115,2020,4/24/2020, Netherlands ,," Tesla runs off road, crashes, catches fire ",1,1, - , - , - ,1, - , - , - , https://www.omroepgelderland.nl/nieuws/2446697/Tesla-vat-vlam-na-ongeluk-bestuurder-47-overleden ,,,,,
114,2020,4/3/2020, Taiwan ,, Tesla rolls over and catches on fire ,1,1, - , - , - ,1,3, - , - , https://www.ddcar.com.tw/blogs/articles/detail/2136/Model-3-%E8%BB%8A%E7%A6%8D%E7%BF%BB%E8%A6%86%E5%BE%8C%E8%B5%B7%E7%81%AB%EF%BC%8C%E6%B6%88%E9%98%B2%E5%93%A1%E8%A9%B3%E8%BF%B0%E6%90%B6%E6%95%91%E8%88%87%E6%96%B7%E9%9B%BB%E6%BB%85%E7%81%AB%E9%81%8E%E7%A8%8B ,,,,,
113,2020,4/1/2020, USA , OH , Tesla drive off road into tree ,1,1, - , - , - ,1,3, - , - , https://www.nbc4i.com/news/local-news/fatal-crash-in-madison-county/ ,,,,,
112,2020,3/8/2020, USA , GA , Motorcyclist rear ends Tesla ,1, - , - ,1, - , - , - , - , - , https://www.ajc.com/news/crime--law/motorcyclist-dies-after-vehicle-crash-gwinnett/SUGaJvGwLyPB4ye12V6zgO/ ,, Zachary Stringer ,,,
111,2020,3/4/2020, Netherlands ,, Three car collision ,1, - , - ,1, - , - , - , - , - , https://112vechtdal.nl/page/Nieuwsdetail/56859/hardenberger-36-omgekomen-bij-heftig-ongeval-op-n36-bij-beerze ,,,,,
110,2020,2/24/2020, USA , CA , Driver dies as Tesla goes down embankment ,1,1, - , - , - ,1, - , - , - , https://www.marinij.com/2020/02/24/coroner-ids-san-rafael-driver-killed-after-car-hits-home/ ,, Norma Jean Nixon ,,,
109,2020,2/24/2020, Canada ,, Tesla drives off cliff ,3,1,2, - , - ,3,3, - , - , https://vancouversun.com/news/local-news/victims-in-fatal-crash-near-kamloops-were-father-and-two-sons-from-alberta ,, Mike Cochlin , Liam Cochlin , Quinn Cochlin ,
108,2020,1/31/2020, USA , FL , Nissan in front of Tesla loses control ,1, - , - ,1, - , - ,3, - , - , https://www.winknews.com/2020/01/31/state-troopers-responding-to-charlotte-county-fatal-crash-along-us-41-tribune-blvd/ ,, Arthur Henry Oliver ,,,
107,2020,1/26/2020, USA , NJ , Tesla crashes into car at toll booth ,1, - , - ,1, - , - , X , - , - , https://www.plainsite.org/dockets/download.html?id=305304167&z=7340d30a ,, Vladmir Chen ,,,
106,2020,1/21/2020, Germany ,, Sudden unintended acceleration kills store patron ,1, - , - , - ,1,1, S , - , - , https://www.ln-online.de/Nachrichten/Norddeutschland/Unfall-in-Nortorf-Tesla-faehrt-in-Glasfassade-Baumarkt-Kundin-stirbt ,,,,,
105,2020,1/19/2020, Taiwan ,," Tesla t-bones sedan, kills pedestrian ",1, - , - , - ,1,1, X , - , - , https://tw.news.appledaily.com/local/20200119/XX25RREJHMJLCRKF4ZZNV2VERI/?utm_campaign=twad_social_appledaily.tw&utm_medium=social&utm_source=twitter ,, Zhang ,,,
104,2020,1/18/2020, USA , CA ," Tesla strikes sign, burns ",1,1, - , - , - ,1, S , - , - , https://abc7news.com/5862228/ ,,,,,
103,2020,1/5/2020, USA , NV ," Tesla runs red, strikes car, burns ",2, - , - ,2, - , - , - , - , - , https://www.deseret.com/utah/2020/1/10/21060343/tesla-west-valley-city-utah-woman-hit-in-weekend-collision-dies-north-temple ,, Sarina Astorga ,,,
102,2020,1/4/2020, USA , FL , Tesla strikes Mercury ,1, - , - ,1, - , - ,3, - , - , https://www.news-press.com/story/news/local/2020/02/15/cape-coral-woman-dies-injuries-jan-4-crash/4770506002/ ,, Augustina Lillie ,,,
101,2019,12/29/2019, USA , IN , Tesla rear ends parked fire truck ,1, - ,1, - , - ,1,3,1,1, https://static.nhtsa.gov/odi/inv/2021/INOA-PE21020-1893.PDF ,, Jenna Monet ,,,
100,2019,12/29/2019, USA , CA , Tesla runs red light after exiting freeway ,2, - , - ,2, - , - , S ,2,2, https://www.latimes.com/business/story/2019-12-31/fatal-tesla-crash-nhtsa-gardena-los-angeles ,,,,,
99,2019,12/23/2019, Slovenia ,, Drunk driver strikes Tesla ,1, - , - ,1, - , - , S , - , - , https://www.vecer.com/za-smrtno-nesreco-v-mariboru-kriv-voznik-peugeota-ki-z-vozilom-sploh-ne-bi-smel-biti-v-prometu-10107555 ,,,,,
98,2019,12/19/2019, USA , FL , Police SUV strikes Tesla ,2,1,1, - , - ,2, - , - , - , https://www.wtsp.com/article/news/local/sarasotacounty/charles-barancik-philanthropist-killed-in-crash-involving-police-cruiser/67-df1c320b-0aa7-4e62-ba9e-99890579b43f ,, Charles Barancik ,,,
97,2019,12/11/2019, USA , CA , Tesla strikes turning Lexus ,1, - , - ,1, - , - , X , - , - , https://www.10news.com/news/local-news/san-diego-news/witness-comforts-driver-as-he-dies-from-crash-injuries?_amp=true&__twitter_impression=true ,,,,,
96,2019,12/10/2019, USA , NV , Kia rear ends Tesla ,1, - , - ,1, - , - , - , - , - , https://www.8newsnow.com/news/local-news/police-driver-dies-weeks-after-crash-in-west-valley/ ,,,,,
95,2019,12/1/2019, USA , TX , Struck Ford veers into Tesla's lane ,2, - , - ,2, - , - , - , - , - , https://www.fox44news.com/news/local-news/two-killed-in-three-vehicle-crash-near-hearne/ ,,,,,
94,2019,11/24/2019, Taiwan ,," Tesla strikes divider, driver falls to death ",1,1, - , - , - ,1,3, - , - , http://taiwanenglishnews.com/driver-falls-to-his-death-from-elevated-road-after-crashing-tesla/ ,,,,,
93,2019,11/22/2019, USA , CA , Tire strikes Tesla ,1,1, - , - , - ,1, - , - , - , https://patch.com/california/sanclemente/fatal-crash-northbound-i-5-after-tire-crashes-car ,,,,,
92,2019,11/21/2019, USA , CA , Tesla kills pedestrian ,1, - , - , - ,1,1, S , - , - , http://teslaspacex.trendolizer.com/2019/11/abc7-breaking-news-emelio-perez-34-has-died-days.html ,, Emelio Perez ,,,
91,2019,11/20/2019, Austria ,, Tesla strikes impact attenuator ,1,1, - , - , - ,1,3, - , - , https://www.tt.com/panorama/unfall/16287163/tesla-fahrer-nach-unfall-auf-inntalautobahn-bei-inzing-verstorben ,,,,,
90,2019,11/20/2019, USA , FL , Tesla turns into oncoming traffic ,1,1, - , - , - ,1,3, - , - , https://www.wptv.com/news/region-c-palm-beach-county/driver-dies-in-three-vehicle-crash-on-state-road-7 ,, Robert Krottner ,,,
89,2019,11/20/2019, USA , CA , Tesla in multi vehicle crash ,1, - , - ,1, - , - , - , - , - , https://www.kron4.com/news/bay-area/man-killed-in-san-jose-hit-and-run-driver-sought/ ,,,,,
88,2019,11/14/2019, Germany ,, Tesla kills pedestrian ,1, - , - , - ,1,1,3, - , - , https://www.rtl.de/cms/unfall-auf-b19-bei-ulm-tesla-erfasst-joggerin-frau-tot-4437269.html ,,,,,
87,2019,11/10/2019, USA , FL , Wrong way driver strikes Tesla ,1, - , - ,1, - , - , - , - , - , https://www.orlandosentinel.com/news/osceola-county/os-ne-fatal-crash-state-road-429-20191110-igqitu74urfsphce572av5x44e-story.html ,,,,,
86,2019,11/7/2019, USA , CA , Two car collision ,1, - , - ,1, - , - ,3, - , - , https://losangeles.cbslocal.com/2019/11/07/fatal-crash-tesla-van-nuys/ ,,,,,
85,2019,11/1/2019, Norway ,, Three car collision ,1, - , - , - , - , - , S , - , - , https://www.nettavisen.no/nyheter/politiet-frigir-navn-etter-dodsulykke-pa-e16-ber-om-tips/s/12-95-3423873110 ,, Nina Mogster ,,,
84,2019,10/19/2019, USA , PA ," Man thrown from vehicle, struck by Tesla ",1, - , - ,1, - , - , X , - ,1, https://www.dailyitem.com/news/local_news/driver-dies-after-being-ejected-from-vehicle/article_00ad5107-9d82-5fcb-b1ee-c7d31d39471e.html ,, Joan Fernando Valerio Jimenez ,,,
83,2019,10/17/2019, Germany ,, Tesla turns into oncoming motorcyclist ,1, - , - ,1, - , - , S , - , - , https://www.idowa.de/inhalt.niederviehbach-schwerer-unfall-zwischen-auto-und-motorrad.e2929434-cf9e-4536-bab3-4c54840748c1.html ,,,,,
82,2019,10/12/2019, USA , CA ," Wrong way driver strikes Tesla, Tesla burns ",1, - , - ,1, - , - , S , - , - , https://onscene.tv/chino-hills-one-dead-after-fiery-crash/ ,,,,,
81,2019,9/22/2019, USA , NV , Tesla runs red light ,1, - , - ,1, - , - ,3, - , - , https://www.reviewjournal.com/local/local-las-vegas/1-dead-after-multi-vehicle-crash-in-northwest-las-vegas-1854434/ ,,,,,
80,2019,9/17/2019, USA , FL , Tesla into oncoming traffic ,1,1, - , - , - ,1, - ,1, - , https://www.orlandosentinel.com/news/osceola-county/os-ne-osceola-polk-line-road-fatal-crash-20190918-m5hgbty6l5csfe2qo3mlmxr7sa-story.html , AP claimed in NHTSA complaint ,,,,
79,2019,9/11/2019, USA , OH , Subaru strikes Tesla ,1, - , - ,1, - , - , S , - , - , https://www.wkyc.com/article/news/local/geauga-county/83-year-old-woman-dies-in-chardon-crash/95-ee8778bf-1f58-42ba-a16a-2f217c75f518 ,, Marjorie Hill ,,,
78,2019,9/11/2019, USA , VA , Tesla kills motorcyclist ,1, - , - ,1, - , - , S , - , - , https://fcpdnews.wordpress.com/2019/09/12/fatal-crash-in-springfield-5/amp/?__twitter_impression=true ,, Wayne Marbury ,,,
77,2019,9/8/2019, USA , CA , Honda rear ends Tesla ,1, - , - ,1, - , - , - , - , - , https://www.mercurynews.com/2019/09/13/child-dies-days-after-san-jose-vehicle-accident/ ,,,,,
76,2019,9/7/2019, USA , PA ," Tesla drives through T intersection, into woods ",1, - ,1, - , - ,1,3, - , - , https://www.post-gazette.com/local/east/2019/09/07/One-dead-vehicle-crash-in-Indiana-County-Daniel-Rodkey/stories/201909070084 ,, Daniel J. Rodkey ,,,
75,2019,9/1/2019, Germany ,, Tesla into oncoming traffic ,2, - , - ,2, - , - , - , - , - , https://www.n-tv.de/wirtschaft/Tesla-Fahrer-sorgt-fuer-toedlichen-Crash-article21248572.html ,,,,,
74,2019,8/24/2019, USA , CA , Tesla rear ends Ford ,1, - , - ,1, - , - ,3,1,1, https://www.nytimes.com/2021/07/05/business/tesla-autopilot-lawsuits-safety.html ,,,,,
73,2019,8/15/2019, Germany ,, Tesla kills motorcyclist ,1, - , - ,1, - , - , S , - , - , http://www.wiesbadenaktuell.de/startseite/news-detail-view/article/toedlicher-unfall-rollerfahrer-stirbt-bei-kollision-auf-der-b455-bei-wiesbaden.html ,,,,,
72,2019,7/21/2019, USA , DE ," Tesla drives into office building, kills occupant ",1, - , - , - ,1,1,3, - , - , http://firststateupdate.com/2019/08/woman-injured-when-tesla-crashed-into-bay-to-the-beach-has-succumbed-to-her-injuries/ ,, Kaity West ,,,
71,2019,7/21/2019, USA , CA , Tesla kills pedestrian ,1, - , - , - ,1,1,3, - , - , https://sanfrancisco.cbslocal.com/2019/07/21/pedestrian-dead-speeding-tesla-crash-san-francisco-red-light/ ,,,,,
70,2019,7/13/2019, USA , CA , Tesla kills pedestrian ,1, - , - , - ,1,1, - , - , - , https://www.ocregister.com/2019/07/14/pedestrian-hit-killed-near-tustin-marketplace-saturday-night/ ,,,,,
69,2019,7/8/2019, USA , IA , Car drifts into Tesla's lane ,1, - , - ,1, - , - , S , - , - , https://www.desmoinesregister.com/story/news/2019/07/08/black-hawk-county-iowa-fatal-crash-elk-hauling-trucks-collision-honda-tesla-driving-safety/1678196001/ ,,,,,
68,2019,6/30/2019, USA , CA , Single car crash near Menifee ,1,1, - , - , - ,1,3,1, - , https://www.riverdavesplace.com/forums/threads/tesla-model-3-crash-15s-saturday-night.202200/ , Case ID: 91121642 ,,,,
67,2019,6/7/2019, Ukraine ,, Tesla strikes construction vehicle ,1, - ,1, - , - ,1, X , - , - , https://autogeek.com.ua/na-trasse-zhitomir-kiev-jelektromobil-tesla-model-x-vletel-pod-gruzovik/ ,,,,,
66,2019,6/4/2019, USA , CA , Six vehicle crash ,1, - , - ,1, - , - , S , - , - , https://www.pe.com/2019/06/04/fatal-crash-on-southbound-15-freeway-in-temecula-sends-car-into-city-hall-parking-building/ ,, Janet Genao ,,,
65,2019,5/31/2019, USA , CA , Tesla rear ends Ford ,1, - , - ,1, - , - , - , - , - , https://www.mercurynews.com/2019/06/01/seven-people-injured-in-four-car-pile-up-in-downtown-berkeley/ ,,,,,
64,2019,4/30/2019, Spain ,, Car drifts into Tesla's lane ,1, - , - ,1, - , - , S , - , - , https://www.carscoops.com/2019/05/tesla-model-s-driver-survives-harsh-head-on-collision-in-spain/ ,,,,,
63,2019,4/25/2019, USA , FL , Tesla kills pedestrian ,1, - , - , - ,1,1, S ,1,1, https://amp.miamiherald.com/news/local/community/florida-keys/article230945733.html?__twitter_impression=true ,,,,,
62,2019,4/15/2019, USA , CA , Tesla strikes on-ramp curb ,1, - ,1, - , - ,1, - , - , - , https://www.nbclosangeles.com/news/local/Woman-77-Ejected-From-Tesla-Struck-By-BMW-and-Killed-on-405-in-Long-Beach-508673011.html ,,,,,
61,2019,3/18/2019, Canada ,," Tesla strikes pole, burns ",1,1, - , - , - ,1, X , - , - , https://bc.ctvnews.ca/driver-dead-after-tesla-crashes-into-pole-on-lougheed-highway-1.4340542 ,,,,,
60,2019,3/10/2019, USA , FL , BMW strikes Tesla ,1, - ,1, - , - ,1,3, - , - , https://www.sun-sentinel.com/local/broward/deerfield-beach/fl-ne-deerfield-fatal-crash-20190311-story.html ,,,,,
59,2019,3/1/2019, USA , FL , Autopilot into 18 wheeler ,1,1, - , - , - ,1,3,1,1, https://electrek.co/2019/03/01/tesla-driver-crash-truck-trailer-autopilot/ ,,,,,
58,2019,2/24/2019, USA , FL ," Tesla crashes into tree, burns ",1,1, - , - , - ,1, S , - , - , https://www.local10.com/news/florida/broward/tesla-crashes-into-tree-in-davie-killing-driver-police-say?__vfz=medium%3Dsharebar ,, Omar Awan ,,,
57,2019,2/18/2019, USA , CA , Tesla rear ends stopped car ,1,1, - , - , - ,1, S , - , - , https://twitter.com/CaliforniaBrief/status/1098008474745679872 ,,,,,
56,2019,1/30/2019, Holland ,, Driver mistakenly believes Autopilot is on ,1, - , - ,1, - , - , S ,1, - , https://linkeddata.overheid.nl/front/portal/document-viewer?ext-id=ECLI:NL:RBOBR:2019:5057 ,,,,,
55,2018,12/30/2018, USA , VA ," Early morning, single car collision ",1,1, - , - , - ,1,3, - , - , https://www.legacy.com/obituaries/washingtonpost/obituary.aspx?fhid=17018&n=rod-rhines&pid=191245630 , Car model confirmed in personal correspondence , Rod Rhines ,,,
54,2018,12/26/2018, USA , NH , Burned in New Ipswich crash ,1, - ,1, - , - ,1, X , - , - , https://www.ledgertranscript.com/New-Ipswich-teen-passes-22902528 ,,,,,
53,2018,11/15/2018, Denmark ,, Tesla into oncoming traffic ,1, - , - ,1, - , - , S , - , - , https://www.tvmidtvest.dk/artikel/kvinde-draebt-i-ulykke-mand-alvorligt-kvaestet ,,,,,
52,2018,11/10/2018, USA , FL , Tesla kills motorcyclist ,1, - , - ,1, - , - , X , - , - , https://www.ocala.com/news/20181112/motorcyclist-33-killed-in-crash-sunday-near-micanopy?template=ampart ,,,,,
51,2018,11/9/2018, USA , CA , Tesla crashes into tree ,2, - ,2, - , - ,2, S , - , - , https://bondtaylor.com/palm-springs-ca-2-dead-2-injured-after-car-crashes-into-tree-at-north-farrell-and-francis-drives/ ," John Renner, investigation #18119-2207 ",,,,
50,2018,10/26/2018, Canada ,, Tesla drives off road ,1, - ,1, - , - ,1, S , - , - , https://www.cbc.ca/news/canada/montreal/jimmy-accurso-dies-car-collision-laurentians-1.4879309 ,, James Accurso ,,,
49,2018,9/21/2018, USA , CA , Single car collision in Anaheim on SR-91 ,1,1, - , - , - ,1, S , - , - , https://twitter.com/TotalTrafficLA/status/1043131566757699584?s=20 ,,,,,
48,2018,9/15/2018, Japan ,, Tesla rear ends stopped car ,2, - , - ,2, - , - , X , - , - , https://blog.goo.ne.jp/carintelligenceagency/e/13c86532c9a5dbdc8ef08ca9c006e782 ,,,,,
47,2018,8/4/2018, Holland ,, Tesla crashes into tree ,1, - ,1, - , - ,1, S ,, - , https://www.omroepgelderland.nl/nieuws/2321309/Vrouw-verliest-ongeboren-kindje-bij-ongeval-in-Nijmegen ,,,,,
46,2018,7/24/2018, USA , MO , Concrete falls on Tesla ,1,1, - , - , - ,1, - , - , - , http://www.dailymail.co.uk/news/article-5987991/Former-St-Louis-police-chiefs-wife-killed-freak-accident.html ,,,,,
45,2018,5/20/2018, USA , CA , Tesla drives into pond ,1,1, - , - , - ,1, S , - , - , https://www.nbcbayarea.com/news/local/Fatal-Vehicle-Crash-Pond-San-Ramon-Crow-Canyon-Road-483200591.html?amp=y&__twitter_impression=true ,, Keith Leund ,,,
44,2018,5/10/2018, Switzerland ,," Tesla drives into median, burns ",1,1, - , - , - ,1, - , - , - , https://www.thelocal.ch/20180515/swiss-tesla-accident-crash-may-have-sparked-battery-fire ,,,,,
43,2018,5/8/2018, USA , FL , Two teens trapped in burning Tesla ,2,1,1, - , - ,2, S , - , - , http://www.abc.net.au/news/2018-05-10/tesla-crash-battery-fire-kills-two-teenagers/9747648 ,, Edgar Martinez , Barrett Riley ,,
42,2018,4/29/2018, Japan ,, Sleeping Tesla driver kills motorcyclist ,1, - , - ,1, - , - , X ,1,1, https://www.carscoops.com/2020/04/tesla-autopilot-blamed-on-fatal-japanese-model-x-crash/ ,,,,,
41,2018,4/28/2018, USA , OH , Ohio prom night crash ,1, - ,1, - , - ,1, S , - , - , https://www.journal-news.com/news/teen-admits-guilt-fatal-monroe-prom-night-crash/D5kGMQdhmoIIMF08eubVQL/ ,,,,,
40,2018,3/23/2018, USA , CA , Autopilot into highway barrier ,1,1, - , - , - ,1, - ,1,1, https://www.theguardian.com/technology/2018/mar/31/tesla-car-crash-autopilot-mountain-view ,, Walter Huang ,,,
39,2018,3/12/2018, China ,, Tesla kills pedestrian ,1, - , - , - ,1,1, - , - , - , https://web.archive.org/web/20180312053226/http://www.atimes.com/article/filipino-dies-run-car-causeway-bay/ ,,,,,
38,2018,3/12/2018, Norway ,, Sudden unintended acceleration into wall ,1,1, - , - , - ,1, - , - , - , https://www.reddit.com/r/teslamotors/comments/83wmpe/first_death_recorded_in_a_tesla_in_norway/ ,,,,,
37,2017,11/22/2017, Switzerland ,, Tesla rear ends stopped car ,1, - , - ,1, - , - , S , - , - , https://www.blick.ch/news/schweiz/zuerich/nach-auffahrunfall-auf-der-a4-wegen-fahrlaessiger-toetung-verurteilt-tesla-fahrer-kommt-mit-busse-davon-id15140089.html ,,,,,
36,2017,11/14/2017, Australia ,, Tesla kills cyclist ,1, - , - , - ,1,1, - , - , - , http://www.dailymail.co.uk/news/article-5081395/Champion-poker-player-49-involved-fatal-crash.html ,,,,,
35,2017,9/24/2017, USA , TN , Tesla drives off road ,1,1, - , - , - ,1, - , - , - , https://www.wkrn.com/news/deadly-morning-on-middle-tennessee-roads-5-dead-in-3-crashes/1057466355 ," Twitter search for ""Cruzelite"" and ""Tesla"" confirms Joel owned a Tesla. Also had a TMC account. ", Joel Michael ,,,
34,2017,8/13/2017, USA , AZ , Tesla kills motorcyclist ,1, - , - ,1, - , - , - , - , - , http://www.fox10phoenix.com/news/arizona-news/friends-remember-man-who-was-killed-in-a-motorcycle-crash-in-scottsdale ,, Greg Dolphin ,,,
33,2017,7/21/2017, USA , AZ , Wrong way driver strikes Tesla ,1, - , - ,1, - , - , - , - , - , https://www.abc15.com/news/region-northeast-valley/scottsdale/wrong-way-driver-dead-in-l-101-crash-in-scottsdale ,,,,,
32,2017,6/25/2017, USA , CA , Tesla strikes Camry ,1, - , - ,1, - , - , - , - , - , https://www.nbcsandiego.com/news/local/1-Killed-in-Collision-on-Del-Dios-Hwy-in-Escondido-430915993.html ,,,,,
31,2017,6/10/2017, USA , HI , Unclear; see note at right ,1, - , - ,1, - , - , S , - , - , http://www.khon2.com/news/local-news/waimanalo-man-killed-in-crash-on-pali-hwy/901491841 ," News report describes a speeding driver striking a Tesla; video footage and Copart photos of car show an unblemished Tesla missing a rear wheel, suggesting another of Tesla's characteristic ""snap off"" wheels ",,,,
30,2017,5/11/2017, USA , FL , Tesla into oncoming traffic ,1, - , - ,1, - , - , - , - , - , https://www.palmbeachpost.com/news/crime--law/just-tesla-driver-loses-license-after-wreck-that-killed-glades-man/VasZGNTvfuIscNJA1zRPNO/ ,, Bryant Gonzalez ,,,
29,2017,4/26/2017, Norway ,, Tesla into oncoming traffic ,1, - , - ,1, - , - , - , - , - , https://www.dt.no/nyheter/royken/ulykke/mann-i-50-arene-siktet-for-uaktsomt-drap-etter-dodsulykke/s/5-57-620919 ,,,,,
28,2017,3/13/2017, USA , CA , Tesla kills pedestrian ,1, - , - , - ,1,1, - , - , - , http://thefoothillspaper.com/2017/03/16/traffic-fatality-on-wentworth/ ,,,,,
27,2017,1/17/2017, Germany ,, Driver died in pileup ,1,1, - , - , - ,1, - , - , - , http://www.ln-online.de/Lokales/Stormarn/Massenkarambolage-Unfall-Tesla-wird-untersucht ,,,,,
26,2016,12/20/2016, USA , CA , Tesla kills pedestrian ,1, - , - , - ,1,1, X , - , - , https://walterclark.com/blog/elderly-man-killed-palm-springs-pedestrian-collision/ ,, James Scott ,,,
25,2016,11/23/2016, USA , IL , Driver dead in Winnebago County ,1,1, - , - , - ,1, S , - , - , https://medium.com/@MidwesternHedgi/teslas-driver-fatality-rate-is-more-than-triple-that-of-luxury-cars-and-likely-even-higher-433670ddde17 ," In NHTSA-FARS database, CaseNum=964&StateNum=17&CaseYear=2016 ",,,,
24,2016,11/3/2016, USA , IN , Indianapolis fire ,2,1,1, - , - ,2, - , - , - , https://www.indystar.com/story/news/crime/2016/11/03/2-killed-fiery-tesla-crash-near-downtown/93227456/ ,, Casey Speckman , Kevin McCarthy ,,
23,2016,10/10/2016, USA , NH , Pileup ,1, - , - ,1, - , - , S , - , - , https://patch.com/new-hampshire/londonderry/one-killed-others-injured-5-vehicle-accident-i-93-nh ,,,,,
22,2016,10/7/2016, USA , CA , Tesla kills motorcyclist ,1, - ,,1, - , - , - , - , - , http://www.latimes.com/local/lanow/la-me-ln-pasadena-hit-and-run-20161007-snap-story.html ,,,,,
21,2016,9/7/2016, Holland ,, Drove into wooded ravine ,1,1, - , - , - ,1, - , - , - , https://www.wanttoknow.nl/nieuws/teslaongeluk-baarn-tesla-waarschijnlijk-toch-schuldig/ ,,,,,
20,2016,9/1/2016, USA , FL , Motorcyclist rear ends Tesla ,1, - , - ,1, - , - , - , - , - , https://www.local10.com/news/fhp-identifies-motorcyclist-killed-on-i-95-crash ,,,,,
19,2016,8/15/2016, USA , CA , Tesla rear ended ,1, - ,1, - , - ,1, S , - , - , https://electrek.co/2016/08/15/rare-fatal-accident-tesla-model-s-rear-ended-large-suv/ ,,,,,
18,2016,7/29/2016, USA , FL , Tesla kills pedestrian ,1, - , - , - ,1,1, - , - , - , https://www.local10.com/traffic/police-investigate-womans-death-in-hit-and-run-near-miami-shores ,,,,,
17,2016,7/22/2016, USA , CA , Passat strikes Tesla ,1, - , - ,1, - , - , S , - , - , https://www.ojaivalleynews.com/?view=article&id=12017:woman-in-fatal-baldwin-road-crash-identified&catid=864 ,,,,,
16,2016,6/8/2016, USA , HI , Nissan Altima wrong way into Tesla ,1, - , - ,1, - , - , - , - , - , http://www.khon2.com/news/local-news/maui-woman-killed-another-critically-injured-in-paia-crash/1025915044 ,,,,,
15,2016,5/7/2016, USA , FL , Autopilot into 18 wheeler ,1,1, - , - , - ,1, - ,1,1, https://www.nytimes.com/2016/07/02/business/joshua-brown-technology-enthusiast-tested-the-limits-of-his-tesla.html ,, Joshua Brown ,,,
14,2016,4/22/2016, USA , CA , Pedestrian killed in pileup ,1, - , - , - ,1,1, S , - , - , https://www.ocregister.com/2016/04/26/homeless-man-identified-as-pedestrian-killed-after-getting-hit-by-cars-in-huntington-beach/ ,,,,,
13,2016,4/8/2016, USA , OH , Chevy Cobalt wrong way into Tesla ,1, - , - ,1, - , - , - , - , - , http://www.nbc4i.com/local-news/serious-crash-shuts-down-part-of-i-270-in-west-columbus/1114360123 ,,,,,
12,2016,1/20/2016, China ,, AutoPilot into street sweeper ,1,1, - , - , - ,1, S ,1,1, https://www.nytimes.com/2016/09/15/business/fatal-tesla-crash-in-china-involved-autopilot-government-tv-says.html ,, Gao Yaning ,,,
11,2015,12/28/2015, USA , TX , Sudden unintended acceleration into pool ,1,1, - , - , - ,1, - , - , - , https://www.chron.com/houston/article/Man-dies-after-crashing-Tesla-into-Houston-6723626.php?utm_campaign=twitter-mobile&utm_source=CMS%20Sharing%20Button&utm_medium=social ,,,,,
10,2015,12/22/2015, Canada ,, Struck by dumptruck ,1,1, - , - , - ,1, - ,, - , https://electrek.co/2015/12/22/man-dies-tesla-model-s-crash-dump-truck-first-death/ ,,,,,
9,2015,11/18/2015, USA , CA , Tesla kills pedestrian ,1, - , - , - ,1,1, - , - , - , https://patch.com/california/fremont/pedestrian-dies-injuries-following-wednesdays-crash-0 ,,,,,
8,2015,6/22/2015, USA , CA , Tesla drives off cliff ,1,1, - , - , - ,1, - , - , - , https://www.dailynews.com/2015/06/25/malibu-tesla-crash-victim-is-tim-devine-woodland-hills-husband-father/ ,, Tim Devine ,,,
7,2015,1/22/2015, USA , CA , Tesla drives off cliff ,1,1, - , - , - ,1, S , - , - , https://www.mercurynews.com/2015/01/22/los-gatos-man-killed-in-solo-vehicle-crash/ ,, Peter Kleis ,,,
6,2014,12/30/2014, USA , CA , Tesla drives off cliff ,1,1, - , - , - ,1, - , - , - , http://www.pressdemocrat.com/news/3318773-181/pd-default-story-headline-xy?gallery=3314901 ,, Louis Francis Thoelecke ,,,
5,2014,7/14/2014, USA , CA , Tesla kills motorcyclist ,1, - , - ,1, - , - , - , - , - , http://injurylawcentral.com/blog/dwight-dene-palmer-killed-newport-beach-motorcycle-accident-car ,,,,,
4,2014,7/4/2014, USA , CA , Thief crashes stolen Tesla ,1,1, - , - , - ,1, - , - , - , https://www.theverge.com/2014/7/10/5888463/car-thief-becomes-first-tesla-model-s-fatality ,, Joshua Slot ,,,
3,2014,7/4/2014, USA , CA , Tesla rear ends stopped car ,3, - , - ,3, - , - , - , - , - , https://insideevs.com/3-dead-in-toyota-corolla-tesla-model-s-collision-video/ ,,,,,
2,2013,11/2/2013, USA , CA , Tesla kills cyclist ,1, - , - , - ,1,1, - , - , - , http://www.santacruzsentinel.com/general-news/20140718/judge-sentences-man-for-fatal-tesla-vs-bike-collision-calls-driver-a-saint-victim-an-angel ,,,,,
1,2013,4/2/2013, USA , CA , Tesla veers into opposite lane ,2, - , - ,2, - , - , S , - , - , https://web.archive.org/web/20150425055520/http://articles.latimes.com/2013/apr/02/local/la-me-ln-laguna-beach-accident-20130402 ,, Alberto Casique-Salinas , Armando Garcia-Gonzales ,,
